Episode,Average_Reward
0,-42.928213083924426
1,-4.918218479791352
